[
    {
        "id": "seafood-special",
        "name": "SeaFood Special",
        "image": "seafoods.jpg",
        "shortDescription": "Fried Salmon Special",
        "description": "I'm a product overview. Here you can write more information about your product. Buyers like to know more about the ingredients and preparation."
    },
    {
        "id": "sumptuous-desserts",
        "name": "Sumptuous Desserts",
        "image": "desserts.jpg",
        "shortDescription": "Choco Ice Cream Sandwich",
        "description": "A sweet dessert with layers of chocolate, ice cream, and a crunchy sandwich layer."
    },
    {
        "id": "buffet",
        "name": "Buffet",
        "image": "buffet.jpg",
        "shortDescription": "Mixed Buffet",
        "description": "A variety of foods from salads to grilled meats, all available in a delightful buffet."
    }
]
